{
    "RMSE": 0.06707641715546057,
    "MAE": 0.026618839811078078,
    "MAPE": 2.8724816687958263,
    "R2": 0.9760203572923095
}