{
    "RMSE": 0.01590404180228413,
    "MAE": 0.0111409529256742,
    "MAPE": 9.478256817274413,
    "R2": 0.8801954639831286
}