{
    "RMSE": 5.946034341307224,
    "MAE": 4.277771634936218,
    "MAPE": 5.522631136181335,
    "R2": 0.8844957296929521
}