{
    "RMSE": 5.932123521117786,
    "MAE": 4.1654082069727405,
    "MAPE": 5.3632568407239924,
    "R2": 0.8850366827241012
}