{
    "RMSE": 0.1289192622292845,
    "MAE": 0.12241171593024786,
    "MAPE": 101.33747109483278,
    "R2": -6.872404760300582
}