{
    "RMSE": 0.09428835932450665,
    "MAE": 0.03525135371324827,
    "MAPE": 3.3761936267107653,
    "R2": 0.9526195801367421
}